Store_Name,Entity_Type,Category,District,Nearest Prking
Adawliah,Retail,Electronics,1st Avenue,Entrance 02
Al-Tijari Bank,Retail,Banks & Financial Services,1st Avenue,Entrance 02
Aldo,Retail,Shoes & Bags,1st Avenue,Entrance 02
Aldo Accessories,Retail,Jewellery & Accessories,1st Avenue,Entrance 02
American Eagle,Retail,Apparel,1st Avenue,Entrance 02
Astore,Retail,Electronics,1st Avenue,Entrance 02
Birkenstock,Retail,Apparel,1st Avenue,Entrance 02
Boots,Retail,Pharmacy,1st Avenue,Entrance 02
Borders,Retail,Bookstores & Stationeries,1st Avenue,Entrance 02
Claire's,Retail,Jewellery & Accessories,1st Avenue,Entrance 02
Columbia,Retail,Apparel,1st Avenue,Entrance 02
Defacto,Retail,Department Stores,1st Avenue,Entrance 02
Doctor Mum,Retail,Spa & Salon,1st Avenue,Entrance 02
Doctor Mum,Retail,Spa & Salon,1st Avenue,Entrance 02
Etam,Retail,Apparel,1st Avenue,Entrance 02
Farah Home,Retail,Home & Furniture,1st Avenue,Entrance 02
Flare,Retail,Home & Furniture,1st Avenue,Entrance 02
Flat Moda,Retail,Shoes & Bags,1st Avenue,Entrance 02
Flying Tiger,Retail,Home & Furniture,1st Avenue,Entrance 02
Foot Locker,Retail,"Apparel, Shoes & Bags",1st Avenue,Entrance 02
Game Store,Retail,Toys & Hobbies,1st Avenue,Entrance 02
Gap,Retail,Apparel,1st Avenue,Entrance 02
H&M,Retail,Department Stores,1st Avenue,Entrance 02
HOF,Retail,Home & Furniture,1st Avenue,Entrance 02
Hamleys,Retail,Toys & Hobbies,1st Avenue,Entrance 02
IKEA,Retail,Home & Furniture,1st Avenue,Entrance 02
Indian Heritage,Retail,Apparel,1st Avenue,Entrance 02
Ivory,Retail,Apparel,1st Avenue,Entrance 02
Jarir Bookstore,Retail,Bookstores & Stationeries,1st Avenue,Entrance 02
Jawhara Jewellery,Retail,Jewellery & Accessories,1st Avenue,Entrance 02
Jo Malone London,Retail,Beauty & Cosmetics,1st Avenue,Entrance 02
Khat Gallery,Retail,Home & Furniture,1st Avenue,Entrance 02
Kozy,Retail,Apparel,1st Avenue,Entrance 02
MAC,Retail,Beauty & Cosmetics,1st Avenue,Entrance 02
Mango,Retail,Apparel,1st Avenue,Entrance 02
Meem O Noon,Retail,Apparel,1st Avenue,Entrance 02
Modish,Retail,Apparel,1st Avenue,Entrance 02
Montania,Retail,Apparel,1st Avenue,Entrance 02
Mumuso,Retail,"Bookstores & Stationeries, Toys & Hobbies",1st Avenue,Entrance 02
NBK,Retail,Banks & Financial Services,1st Avenue,Entrance 02
Nostalgia,Retail,Apparel,1st Avenue,Entrance 02
Ontime,Retail,Jewellery & Accessories,1st Avenue,Entrance 02
Oosha,Retail,Apparel,1st Avenue,Entrance 02
Pecann Bee,Retail,Specialist Shop,1st Avenue,Entrance 02
Penti,Retail,Apparel,1st Avenue,Entrance 02
Pull&Bear,Retail,Apparel,1st Avenue,Entrance 02
RIVA HOME,Retail,Home & Furniture,1st Avenue,Entrance 02
Rio,Retail,Shoes & Bags,1st Avenue,Entrance 02
SHED,Retail,Apparel,1st Avenue,Entrance 02
Shoebox Newyork,Retail,Shoes & Bags,1st Avenue,Entrance 02
Steve Madden,Retail,Shoes & Bags,1st Avenue,Entrance 02
Sunglass Hut,Retail,Opticals,1st Avenue,Entrance 02
Swarovski,Retail,Jewellery & Accessories,1st Avenue,Entrance 02
Sway,Retail,Apparel,1st Avenue,Entrance 02
Tavola,Retail,Electronics,1st Avenue,Entrance 02
Tezenis,Retail,Apparel,1st Avenue,Entrance 02
The Body Shop,Retail,Beauty & Cosmetics,1st Avenue,Entrance 02
Under Armour,Retail,Apparel,1st Avenue,Entrance 02
Vavavoom,Retail,Beauty & Cosmetics,1st Avenue,Entrance 02
Vocabs,Retail,Apparel,1st Avenue,Entrance 02
Wall street Exchange,Retail,Banks & Financial Services,1st Avenue,Entrance 02
White Uniform,Retail,Apparel,1st Avenue,Entrance 02
Women' secret,Retail,Apparel,1st Avenue,Entrance 02
X-Cite,Retail,Electronics,1st Avenue,Entrance 02
Yamamay,Retail,Apparel,1st Avenue,Entrance 02
Zara,Retail,Apparel,1st Avenue,Entrance 02
Zara Home,Retail,Home & Furniture,1st Avenue,Entrance 02
20 Grams,Dining,Café & Sweets,1st Avenue,Entrance 02
Amorino,Dining,Café & Sweets,1st Avenue,Entrance 02
Asha's,Dining,Restaurants,1st Avenue,Entrance 02
Four Bros,Dining,Fast Food,1st Avenue,Entrance 02
LE H Café,Dining,Café & Sweets,1st Avenue,Entrance 02
Marble Slab Creamery,Dining,Café & Sweets,1st Avenue,Entrance 02
Meme's Curry,Dining,Restaurants,1st Avenue,Entrance 02
Mini & Many,Dining,Chocolate & Confectionery,1st Avenue,Entrance 02
Namli Gurme,Dining,Restaurants,1st Avenue,Entrance 02
Paul Café,Dining,Restaurants,1st Avenue,Entrance 02
Pick (Daily Picks),Dining,Café & Sweets,1st Avenue,Entrance 02
Pinkberry,Dining,Café & Sweets,1st Avenue,Entrance 02
Raising Cane's,Dining,Fast Food,1st Avenue,Entrance 02
Shake Shack,Dining,Fast Food,1st Avenue,Entrance 02
Starbucks,Dining,Café & Sweets,1st Avenue,Entrance 02
Starbucks Coffee,Dining,Café & Sweets,1st Avenue,Entrance 02
Starbucks Coffee,Dining,Café & Sweets,1st Avenue,Entrance 02
TGI Friday's,Dining,Restaurants,1st Avenue,Entrance 02
ZO Eatery,Dining,Restaurants,1st Avenue,Entrance 02
Zufa,Dining,Restaurants,1st Avenue,Entrance 02
Abati Sakbah,Retail,Apparel,2nd Avenue,"Entrance 09, 12"
Abdul Samad Al Qurashi,Retail,Beauty & Cosmetics,2nd Avenue,"Entrance 09, 12"
Abercrombie Kids,Retail,Apparel,2nd Avenue,"Entrance 09, 12"
Adolfo Dominguez,Retail,Apparel,2nd Avenue,"Entrance 09, 12"
Ajmal,Retail,Beauty & Cosmetics,2nd Avenue,"Entrance 09, 12"
Ajmal,Retail,Beauty & Cosmetics,2nd Avenue,"Entrance 09, 12"
Al Fares Jewllery,Retail,Jewellery & Accessories,2nd Avenue,"Entrance 09, 12"
Al Maghrabi Optical,Retail,Opticals,2nd Avenue,"Entrance 09, 12"
Al Muzaini Exchange,Retail,Banks & Financial Services,2nd Avenue,"Entrance 09, 12"
Al Muzaini Exchange,Retail,Banks & Financial Services,2nd Avenue,"Entrance 09, 12"
Al Quraishi Perfume,Retail,Beauty & Cosmetics,2nd Avenue,"Entrance 09, 12"
Al Sirhan,Retail,Shoes & Bags,2nd Avenue,"Entrance 09, 12"
Al Zain,Retail,Jewellery & Accessories,2nd Avenue,"Entrance 09, 12"
Al-Jazeera Perfumes,Retail,Beauty & Cosmetics,2nd Avenue,"Entrance 09, 12"
Al-Shaya Perfumes,Retail,Beauty & Cosmetics,2nd Avenue,"Entrance 09, 12"
Alvira,Retail,Jewellery & Accessories,2nd Avenue,"Entrance 09, 12"
Aman Xchange,Retail,Banks & Financial Services,2nd Avenue,"Entrance 09, 12"
Amaya Kids,Retail,Apparel,2nd Avenue,"Entrance 09, 12"
Annabelle,Retail,Apparel,2nd Avenue,"Entrance 09, 12"
Anuba,Retail,Spa & Salon,2nd Avenue,"Entrance 09, 12"
Anwar,Retail,Apparel,2nd Avenue,"Entrance 09, 12"
Anwar,Retail,Apparel,2nd Avenue,"Entrance 09, 12"
Arnubah & Dabdoob,Retail,Spa & Salon,2nd Avenue,"Entrance 09, 12"
Around The World,Retail,Jewellery & Accessories,2nd Avenue,"Entrance 09, 12"
Atyab AlMarshoud,Retail,Beauty & Cosmetics,2nd Avenue,"Entrance 09, 12"
Aura,Retail,Apparel,2nd Avenue,"Entrance 09, 12"
Ava,Retail,Apparel,2nd Avenue,"Entrance 09, 12"
BOSS,Retail,Apparel,2nd Avenue,"Entrance 09, 12"
Baby Dior,Retail,Apparel,2nd Avenue,"Entrance 09, 12"
Bath & Body Works,Retail,Beauty & Cosmetics,2nd Avenue,"Entrance 09, 12"
Bayt Al Saboun Al Loubnani,Retail,Beauty & Cosmetics,2nd Avenue,"Entrance 09, 12"
Behbehani Watch World,Retail,Jewellery & Accessories,2nd Avenue,"Entrance 09, 12"
Beloved One,Retail,Apparel,2nd Avenue,"Entrance 09, 12"
Bershka,Retail,Apparel,2nd Avenue,"Entrance 09, 12"
Beverly Hills Polo Club,Retail,Apparel,2nd Avenue,"Entrance 09, 12"
Bianca Nera,Retail,Apparel,2nd Avenue,"Entrance 09, 12"
Bonita,Retail,Apparel,2nd Avenue,"Entrance 09, 12"
Bonpoint,Retail,Apparel,2nd Avenue,"Entrance 09, 12"
Boots,Retail,Pharmacy,2nd Avenue,"Entrance 09, 12"
Build A Bear,Retail,Toys & Hobbies,2nd Avenue,"Entrance 09, 12"
Burberry Kids,Retail,Apparel,2nd Avenue,"Entrance 09, 12"
Calvin Klein Kids,Retail,Apparel,2nd Avenue,"Entrance 09, 12"
Calzedonia,Retail,Apparel,2nd Avenue,"Entrance 09, 12"
Caraclan,Retail,Apparel,2nd Avenue,"Entrance 09, 12"
Chakra,Retail,Home & Furniture,2nd Avenue,"Entrance 09, 12"
Charles & Keith,Retail,Shoes & Bags,2nd Avenue,"Entrance 09, 12"
Charriol,Retail,Jewellery & Accessories,2nd Avenue,"Entrance 09, 12"
Claire's,Retail,Jewellery & Accessories,2nd Avenue,"Entrance 09, 12"
Clarks,Retail,Shoes & Bags,2nd Avenue,"Entrance 09, 12"
Comfort Shoe,Retail,Shoes & Bags,2nd Avenue,"Entrance 09, 12"
Comtel,Retail,Electronics,2nd Avenue,"Entrance 09, 12"
Crocs,Retail,Apparel,2nd Avenue,"Entrance 09, 12"
DKNY,Retail,Apparel,2nd Avenue,"Entrance 09, 12"
Damas Diamond,Retail,Jewellery & Accessories,2nd Avenue,"Entrance 09, 12"
Deer & Dear,Retail,Apparel,2nd Avenue,"Entrance 09, 12"
Designers Lounge,Retail,Apparel,2nd Avenue,"Entrance 09, 12"
Dilek Lounge,Retail,Apparel,2nd Avenue,"Entrance 09, 12"
Diva,Retail,Apparel,2nd Avenue,"Entrance 09, 12"
Dolce & Gabbana Kids,Retail,Apparel,2nd Avenue,"Entrance 09, 12"
Ecco,Retail,Shoes & Bags,2nd Avenue,"Entrance 09, 12"
Eden Park,Retail,Apparel,2nd Avenue,"Entrance 09, 12"
Escarelle,Retail,Apparel,2nd Avenue,"Entrance 09, 12"
Etedal Alhmaidi,Retail,Apparel,2nd Avenue,"Entrance 09, 12"
Etoile,Retail,Apparel,2nd Avenue,"Entrance 09, 12"
Eyewa,Retail,Opticals,2nd Avenue,"Entrance 09, 12"
Eyewa,Retail,Opticals,2nd Avenue,"Entrance 09, 12"
Fantasy World,Retail,Toys & Hobbies,2nd Avenue,"Entrance 09, 12"
Fendi Kids,Retail,Apparel,2nd Avenue,"Entrance 09, 12"
Foot Locker,Retail,Shoes & Bags,2nd Avenue,"Entrance 09, 12"
Fragonard,Retail,Beauty & Cosmetics,2nd Avenue,"Entrance 09, 12"
Fuchsia,Retail,Jewellery & Accessories,2nd Avenue,"Entrance 09, 12"
Furla,Retail,Shoes & Bags,2nd Avenue,"Entrance 09, 12"
Future Communication,Retail,Electronics,2nd Avenue,"Entrance 09, 12"
Gant,Retail,Apparel,2nd Avenue,"Entrance 09, 12"
Geneve Watches,Retail,Jewellery & Accessories,2nd Avenue,"Entrance 09, 12"
Giordano,Retail,Apparel,2nd Avenue,"Entrance 09, 12"
Gizia,Retail,Apparel,2nd Avenue,"Entrance 09, 12"
Hackett Kids,Retail,Apparel,2nd Avenue,"Entrance 09, 12"
Hassan Optician,Retail,Opticals,2nd Avenue,"Entrance 09, 12"
damas,Retail,Jewellery & Accessories,2nd Avenue,"Entrance 09, 12"
Abshar,Dining,Restaurants,2nd Avenue,"Entrance 09, 12"
Al Rifai,Dining,Roastery,2nd Avenue,"Entrance 09, 12"
AlBaik,Dining,Fast Food,2nd Avenue,"Entrance 09, 12"
Amorino,Dining,Café & Sweets,2nd Avenue,"Entrance 09, 12"
Applebees,Dining,Restaurants,2nd Avenue,"Entrance 09, 12"
Aseer Time,Dining,Café & Sweets,2nd Avenue,"Entrance 09, 12"
Baskin Robbins,Dining,Café & Sweets,2nd Avenue,"Entrance 09, 12"
Bazooka,Dining,Fast Food,2nd Avenue,"Entrance 09, 12"
Bebabel,Dining,Restaurants,2nd Avenue,"Entrance 09, 12"
Beesket,Dining,"Café & Sweets, Restaurants",2nd Avenue,"Entrance 09, 12"
Benihana,Dining,Restaurants,2nd Avenue,"Entrance 09, 12"
Burger King,Dining,Fast Food,2nd Avenue,"Entrance 09, 12"
Can Full Of Chocolates,Dining,Café & Sweets,2nd Avenue,"Entrance 09, 12"
Candy Pirates,Dining,Chocolate & Confectionery,2nd Avenue,"Entrance 09, 12"
Caribou Coffee,Dining,Café & Sweets,2nd Avenue,"Entrance 09, 12"
Chicster,Dining,Fast Food,2nd Avenue,"Entrance 09, 12"
China Garden,Dining,Fast Food,2nd Avenue,"Entrance 09, 12"
Cinnabon,Dining,Café & Sweets,2nd Avenue,"Entrance 09, 12"
Costa,Dining,Café & Sweets,2nd Avenue,"Entrance 09, 12"
De Nata Paris,Dining,Café & Sweets,2nd Avenue,"Entrance 09, 12"
Dip N Dip,Dining,Café & Sweets,2nd Avenue,"Entrance 09, 12"
Elevation Burger,Dining,Fast Food,2nd Avenue,"Entrance 09, 12"
Entrecote,Dining,Restaurants,2nd Avenue,"Entrance 09, 12"
Great Steak,Dining,Fast Food,2nd Avenue,"Entrance 09, 12"
Haagen Dazs,Dining,Café & Sweets,2nd Avenue,"Entrance 09, 12"
Hardee's,Dining,Fast Food,2nd Avenue,"Entrance 09, 12"
Ihop,Dining,Restaurants,2nd Avenue,"Entrance 09, 12"
International Mill,Dining,Roastery,2nd Avenue,"Entrance 09, 12"
Jollibee,Dining,Fast Food,2nd Avenue,"Entrance 09, 12"
KFC,Dining,Fast Food,2nd Avenue,"Entrance 09, 12"
Kalha,Dining,Café & Sweets,2nd Avenue,"Entrance 09, 12"
Keif,Dining,Restaurants,2nd Avenue,"Entrance 09, 12"
Khokh We Mesh Mesh,Dining,Café & Sweets,2nd Avenue,"Entrance 09, 12"
Kiln,Dining,Café & Sweets,2nd Avenue,"Entrance 09, 12"
LITTLE CAESARS,Dining,Fast Food,2nd Avenue,"Entrance 09, 12"
Lino's Restaurant,Dining,Restaurants,2nd Avenue,"Entrance 09, 12"
Lumiere,Dining,Restaurants,2nd Avenue,"Entrance 09, 12"
Marks & Spencer,Dining,"Café & Sweets, Department Stores",2nd Avenue,"Entrance 09, 12"
McDonald's,Dining,Fast Food,2nd Avenue,"Entrance 09, 12"
Movenpick Ice Cream,Dining,Café & Sweets,2nd Avenue,"Entrance 09, 12"
Naif Chicken,Dining,Fast Food,2nd Avenue,"Entrance 09, 12"
PF Chang’s,Dining,Restaurants,2nd Avenue,"Entrance 09, 12"
Pappa Roti,Dining,Café & Sweets,2nd Avenue,"Entrance 09, 12"
PastaMania,Dining,Fast Food,2nd Avenue,"Entrance 09, 12"
Patchi,Dining,Chocolate & Confectionery,2nd Avenue,"Entrance 09, 12"
Paul Le Café,Dining,Café & Sweets,2nd Avenue,"Entrance 09, 12"
Pinkberry,Dining,Café & Sweets,2nd Avenue,"Entrance 09, 12"
Pizza Hut,Dining,Fast Food,2nd Avenue,"Entrance 09, 12"
Popcorn Place,Dining,Café & Sweets,2nd Avenue,"Entrance 09, 12"
Qeshani Cafe,Dining,Café & Sweets,2nd Avenue,"Entrance 09, 12"
SALT,Dining,Restaurants,2nd Avenue,"Entrance 09, 12"
Shrimp House,Dining,Fast Food,2nd Avenue,"Entrance 09, 12"
Shrimpy,Dining,Fast Food,2nd Avenue,"Entrance 09, 12"
Starbucks,Dining,Café & Sweets,2nd Avenue,"Entrance 09, 12"
Starbucks,Dining,Café & Sweets,2nd Avenue,"Entrance 09, 12"
Starbucks,Dining,Café & Sweets,2nd Avenue,"Entrance 09, 12"
Street by AlMakan,Dining,Restaurants,2nd Avenue,"Entrance 09, 12"
Subway,Dining,Fast Food,2nd Avenue,"Entrance 09, 12"
Tea Gschwender,Dining,Café & Sweets,2nd Avenue,"Entrance 09, 12"
The Grove,Dining,Restaurants,2nd Avenue,"Entrance 09, 12"
Vapiano,Dining,Restaurants,2nd Avenue,"Entrance 09, 12"
Villa Fayrouz,Dining,Restaurants,2nd Avenue,"Entrance 09, 12"
Wendys,Dining,Fast Food,2nd Avenue,"Entrance 09, 12"
Wimpy,Dining,Fast Food,2nd Avenue,"Entrance 09, 12"
Wok & Roll,Dining,Restaurants,2nd Avenue,"Entrance 09, 12"
ALLBIRDS,Retail,Shoes & Bags,Electra,Entrance 01
Al-Shaya Perfumes,Retail,Beauty & Cosmetics,Electra,Entrance 01
Asics,Retail,"Apparel, Shoes & Bags",Electra,Entrance 01
Blink,Retail,Electronics,Electra,Entrance 01
Cavaraty,Retail,Electronics,Electra,Entrance 01
Chips Store,Retail,Electronics,Electra,Entrance 01
Eyewa,Retail,Opticals,Electra,Entrance 01
G-Shock,Retail,Jewellery & Accessories,Electra,Entrance 01
Garmin,Retail,Jewellery & Accessories,Electra,Entrance 01
Geek Nation,Retail,Electronics,Electra,Entrance 01
Geekay,Retail,Electronics,Electra,Entrance 01
H&S,Retail,Electronics,Electra,Entrance 01
Huawei,Retail,Electronics,Electra,Entrance 01
Intersport,Retail,Apparel,Electra,Entrance 01
Kefan Optics,Retail,Opticals,Electra,Entrance 01
Kuwait Finance House,Retail,Banks & Financial Services,Electra,Entrance 01
SNKR,Retail,Apparel,Electra,Entrance 01
STC,Retail,Telecommunications,Electra,Entrance 01
Samsung,Retail,Electronics,Electra,Entrance 01
X-Cite,Retail,Electronics,Electra,Entrance 01
& Other Stories,Retail,Apparel,Grand Avenue,Entrance 21
Abercrombie & Fitch,Retail,Apparel,Grand Avenue,Entrance 21
Adidas,Retail,"Apparel, Shoes & Bags",Grand Avenue,Entrance 21
Aesop,Retail,Beauty & Cosmetics,Grand Avenue,Entrance 21
Aigner,Retail,Jewellery & Accessories,Grand Avenue,Entrance 21
Aline Dental,Retail,Medical Center,Grand Avenue,Entrance 21
Athleta,Retail,Apparel,Grand Avenue,Entrance 21
Banana Republic,Retail,Apparel,Grand Avenue,Entrance 21
Boggi Milano,Retail,Apparel,Grand Avenue,Entrance 21
Boubyan Bank,Retail,Banks & Financial Services,Grand Avenue,Entrance 21
Burgan Bank,Retail,Banks & Financial Services,Grand Avenue,Entrance 21
Byredo,Retail,Beauty & Cosmetics,Grand Avenue,Entrance 21
COS,Retail,Apparel,Grand Avenue,Entrance 21
Carolina Herrera,Retail,Apparel,Grand Avenue,Entrance 21
Charlotte Tilburry,Retail,Beauty & Cosmetics,Grand Avenue,Entrance 21
Christian Dior Parfumes,Retail,Beauty & Cosmetics,Grand Avenue,Entrance 21
Coach,Retail,Jewellery & Accessories,Grand Avenue,Entrance 21
Diesel,Retail,Apparel,Grand Avenue,Entrance 21
Disney,Retail,Apparel,Grand Avenue,Entrance 21
Dr.Vranjes,Retail,Beauty & Cosmetics,Grand Avenue,Entrance 21
Elisabetta Franchi,Retail,Apparel,Grand Avenue,Entrance 21
Eyewa,Retail,Opticals,Grand Avenue,Entrance 21
Eyewa,Retail,Opticals,Grand Avenue,Entrance 21
Falke,Retail,Apparel,Grand Avenue,Entrance 21
Gulf Bank,Retail,Banks & Financial Services,Grand Avenue,Entrance 21
H&M,Retail,Apparel,Grand Avenue,Entrance 21
Hackett London,Retail,Apparel,Grand Avenue,Entrance 21
Harvey Nichols,Retail,Department Stores,Grand Avenue,Entrance 21
Herbal Spa,Retail,Spa & Salon,Grand Avenue,Entrance 21
Hugo Boss,Retail,Apparel,Grand Avenue,Entrance 21
Jo Malone London,Retail,Beauty & Cosmetics,Grand Avenue,Entrance 21
Lacoste,Retail,"Apparel, Shoes & Bags",Grand Avenue,Entrance 21
Le Labo,Retail,Beauty & Cosmetics,Grand Avenue,Entrance 21
Lululemon,Retail,Apparel,Grand Avenue,Entrance 21
MAC,Retail,Beauty & Cosmetics,Grand Avenue,Entrance 21
Marc Jacobs,Retail,Apparel,Grand Avenue,Entrance 21
Massimo Dutti,Retail,Apparel,Grand Avenue,Entrance 21
Muji,Retail,Department Stores,Grand Avenue,Entrance 21
Nespresso Boutique,Retail,Specialist Shop,Grand Avenue,Entrance 21
New Balance,Retail,Apparel,Grand Avenue,Entrance 21
On Time Workshop,Retail,Jewellery & Accessories,Grand Avenue,Entrance 21
Oysho,Retail,Apparel,Grand Avenue,Entrance 21
Polo Ralph Lauren,Retail,Apparel,Grand Avenue,Entrance 21
Qadeem Perfume,Retail,Beauty & Cosmetics,Grand Avenue,Entrance 21
Rituals,Retail,Beauty & Cosmetics,Grand Avenue,Entrance 21
Scotch & Soda,Retail,Apparel,Grand Avenue,Entrance 21
Swarovski,Retail,Jewellery & Accessories,Grand Avenue,Entrance 21
Tanagra,Retail,Home & Furniture,Grand Avenue,Entrance 21
The Body Shop,Retail,Beauty & Cosmetics,Grand Avenue,Entrance 21
The Rodeo Lounge,Retail,Specialist Shop,Grand Avenue,Entrance 21
The Screenage,Retail,Electronics,Grand Avenue,Entrance 21
Tory Burch,Retail,Jewellery & Accessories,Grand Avenue,Entrance 21
Tumi,Retail,Shoes & Bags,Grand Avenue,Entrance 21
VIP Tailor,Retail,Specialist Shop,Grand Avenue,Entrance 21
Victoria Secret / Pink,Retail,Apparel,Grand Avenue,Entrance 21
Victoria's Secret,Retail,Beauty & Cosmetics,Grand Avenue,Entrance 21
Warba Bank,Retail,Banks & Financial Services,Grand Avenue,Entrance 21
Appetite,Dining,Restaurants,Grand Avenue,Entrance 21
Baraka Restaurant,Dining,Restaurants,Grand Avenue,Entrance 21
Cardamom Club,Dining,Restaurants,Grand Avenue,Entrance 21
D&D Café,Dining,Restaurants,Grand Avenue,Entrance 21
Darb Al Zalag,Dining,Restaurants,Grand Avenue,Entrance 21
Flower Latte,Dining,Café & Sweets,Grand Avenue,Entrance 21
GIA,Dining,Restaurants,Grand Avenue,Entrance 21
Godiva Café,Dining,"Chocolate & Confectionery, Restaurants",Grand Avenue,Entrance 21
Life With Cacao,Dining,Restaurants,Grand Avenue,Entrance 21
Maryool,Dining,Restaurants,Grand Avenue,Entrance 21
Meat Moot,Dining,Restaurants,Grand Avenue,Entrance 21
Paul Café,Dining,Café & Sweets,Grand Avenue,Entrance 21
Pinkberry,Dining,Café & Sweets,Grand Avenue,Entrance 21
Pizza Express,Dining,Restaurants,Grand Avenue,Entrance 21
Princi,Dining,Restaurants,Grand Avenue,Entrance 21
SELECT,Dining,Restaurants,Grand Avenue,Entrance 21
Shake Shack,Dining,Fast Food,Grand Avenue,Entrance 21
Shandiz,Dining,Restaurants,Grand Avenue,Entrance 21
Starbucks,Dining,Café & Sweets,Grand Avenue,Entrance 21
Texas Road House,Dining,Restaurants,Grand Avenue,Entrance 21
The Cheese Cake Factory,Dining,Restaurants,Grand Avenue,Entrance 21
The Chocolate Bar,Dining,Café & Sweets,Grand Avenue,Entrance 21
Washoku,Dining,Restaurants,Grand Avenue,Entrance 21
Alo Yoga,Retail,Apparel,Grand Plaza,Entrance 23
Bath & Body Works,Retail,Beauty & Cosmetics,Grand Plaza,Entrance 23
Benefit,Retail,Beauty & Cosmetics,Grand Plaza,Entrance 23
Boots Beauty,Retail,Beauty & Cosmetics,Grand Plaza,Entrance 23
Gait,Retail,Electronics,Grand Plaza,Entrance 23
Kiko Milano,Retail,Beauty & Cosmetics,Grand Plaza,Entrance 23
L'Occitane,Retail,Beauty & Cosmetics,Grand Plaza,Entrance 23
MAC,Retail,Beauty & Cosmetics,Grand Plaza,Entrance 23
Mercedes-Benz,Retail,Automotive,Grand Plaza,Entrance 23
NBK,Retail,Banks & Financial Services,Grand Plaza,Entrance 23
NYX,Retail,Beauty & Cosmetics,Grand Plaza,Entrance 23
Primark,Retail,Department Stores,Grand Plaza,Entrance 23
Rimowa,Retail,Shoes & Bags,Grand Plaza,Entrance 23
Amai Cafe,Dining,Café & Sweets,Grand Plaza,Entrance 23
Anna Ice Cream,Dining,Café & Sweets,Grand Plaza,Entrance 23
Bill's Lemonade,Dining,Café & Sweets,Grand Plaza,Entrance 23
Boba Shop,Dining,Café & Sweets,Grand Plaza,Entrance 23
Chacka Chacka,Dining,Fast Food,Grand Plaza,Entrance 23
Chilli's,Dining,Fast Food,Grand Plaza,Entrance 23
Chipotle,Dining,Restaurants,Grand Plaza,Entrance 23
Cinnabon Seattle's Best Coffee,Dining,Café & Sweets,Grand Plaza,Entrance 23
Costa Coffee,Dining,Café & Sweets,Grand Plaza,Entrance 23
Eataly,Dining,Restaurants,Grand Plaza,Entrance 23
Edward 1882,Dining,Café & Sweets,Grand Plaza,Entrance 23
Elotes,Dining,Fast Food,Grand Plaza,Entrance 23
Italian Cucina,Dining,Restaurants,Grand Plaza,Entrance 23
KFC,Dining,Fast Food,Grand Plaza,Entrance 23
Kakaw,Dining,Café & Sweets,Grand Plaza,Entrance 23
Khokh We Mesh Mesh,Dining,Café & Sweets,Grand Plaza,Entrance 23
Love Diet Food,Dining,Restaurants,Grand Plaza,Entrance 23
McDonald's,Dining,Fast Food,Grand Plaza,Entrance 23
Monkey Cookies,Dining,Chocolate & Confectionery,Grand Plaza,Entrance 23
Opening Soon,Dining,Fast Food,Grand Plaza,Entrance 23
PF Chang’s,Dining,Restaurants,Grand Plaza,Entrance 23
Pick (Daily Picks),Dining,Café & Sweets,Grand Plaza,Entrance 23
Shot London,Dining,Café & Sweets,Grand Plaza,Entrance 23
Starbucks,Dining,Café & Sweets,Grand Plaza,Entrance 23
Stecco Natura,Dining,Café & Sweets,Grand Plaza,Entrance 23
Subway,Dining,Fast Food,Grand Plaza,Entrance 23
The Corn Club,Dining,Fast Food,Grand Plaza,Entrance 23
UR Cookies,Dining,Café & Sweets,Grand Plaza,Entrance 23
Vine,Dining,Café & Sweets,Grand Plaza,Entrance 23
Alaia,Retail,Apparel,Prestige,Valet Parking
Audemars Piguet,Retail,Jewellery & Accessories,Prestige,Valet Parking
Balenciaga,Retail,Shoes & Bags,Prestige,Valet Parking
Behbehani Prestige,Retail,Jewellery & Accessories,Prestige,Valet Parking
Bottega Veneta,Retail,Apparel,Prestige,Valet Parking
Boucheron,Retail,Jewellery & Accessories,Prestige,Valet Parking
Brunello Cucinelli,Retail,Apparel,Prestige,Valet Parking
Bulgari,Retail,Jewellery & Accessories,Prestige,Valet Parking
Burberry,Retail,Apparel,Prestige,Valet Parking
Celine,Retail,Apparel,Prestige,Valet Parking
Chanel,Retail,Apparel,Prestige,Valet Parking
Chaumet,Retail,Jewellery & Accessories,Prestige,Valet Parking
Chloé,Retail,Apparel,Prestige,Valet Parking
Chopard,Retail,Jewellery & Accessories,Prestige,Valet Parking
Christian Dior,Retail,Apparel,Prestige,Valet Parking
Dolce & Gabbana,Retail,Apparel,Prestige,Valet Parking
Elie Saab,Retail,Apparel,Prestige,Valet Parking
FENDI,Retail,Apparel,Prestige,Valet Parking
Faure Le Page,Retail,Shoes & Bags,Prestige,Valet Parking
Gianvito Rossi,Retail,Shoes & Bags,Prestige,Valet Parking
Gina,Retail,"Apparel, Shoes & Bags",Prestige,Valet Parking
Giorgio Armani,Retail,Apparel,Prestige,Valet Parking
Gucci,Retail,Apparel,Prestige,Valet Parking
Hermčs,Retail,Apparel,Prestige,Valet Parking
Hublot,Retail,Jewellery & Accessories,Prestige,Valet Parking
ISAIA,Retail,Apparel,Prestige,Valet Parking
Jimmy Choo,Retail,Apparel,Prestige,Valet Parking
Loewe,Retail,Apparel,Prestige,Valet Parking
Loro Piana,Retail,Apparel,Prestige,Valet Parking
Louis Vuitton,Retail,Apparel,Prestige,Valet Parking
Maria Tash,Retail,Jewellery & Accessories,Prestige,Valet Parking
Marina Rinaldi,Retail,Apparel,Prestige,Valet Parking
Marli New York,Retail,Apparel,Prestige,Valet Parking
Max Mara,Retail,Apparel,Prestige,Valet Parking
Messika,Retail,Jewellery & Accessories,Prestige,Valet Parking
Missoni,Retail,Apparel,Prestige,Valet Parking
Miu Miu,Retail,Apparel,Prestige,Valet Parking
Panerai,Retail,Jewellery & Accessories,Prestige,Valet Parking
Piaget Boutique,Retail,Jewellery & Accessories,Prestige,Valet Parking
Pomellato,Retail,Jewellery & Accessories,Prestige,Valet Parking
Prada,Retail,Apparel,Prestige,Valet Parking
Roberto Coin,Retail,Jewellery & Accessories,Prestige,Valet Parking
Rolex,Retail,Jewellery & Accessories,Prestige,Valet Parking
Saint Laurent,Retail,"Apparel, Jewellery & Accessories, Shoes & Bags",Prestige,Valet Parking
Santoni,Retail,Shoes & Bags,Prestige,Valet Parking
Stella McCartney,Retail,Shoes & Bags,Prestige,Valet Parking
Tiffany & Co,Retail,Jewellery & Accessories,Prestige,Valet Parking
Tods,Retail,Shoes & Bags,Prestige,Valet Parking
Valentino,Retail,Apparel,Prestige,Valet Parking
Van Cleef & Arpels,Retail,Jewellery & Accessories,Prestige,Valet Parking
Versace,Retail,Apparel,Prestige,Valet Parking
Zegna,Retail,Apparel,Prestige,Valet Parking
Zimmermann,Retail,Apparel,Prestige,Valet Parking
Angelina,Dining,Restaurants,Prestige,Valet Parking
Cova,Dining,Café & Sweets,Prestige,Valet Parking
Fauchon Paris,Dining,Café & Sweets,Prestige,Valet Parking
Fendi Café,Dining,Café & Sweets,Prestige,Valet Parking
Laderach,Dining,Chocolate & Confectionery,Prestige,Valet Parking
Roka,Dining,Restaurants,Prestige,Valet Parking
TWG Tea,Dining,Café & Sweets,Prestige,Valet Parking
Yann Couvreur,Dining,Café & Sweets,Prestige,Valet Parking
Aafaq Bookstore,Retail,Bookstores & Stationeries,Soku,Entrance 15
Adidas,Retail,"Apparel, Shoes & Bags",Soku,Entrance 15
Al Mosafer,Retail,Travel & Tourism,Soku,Entrance 15
Al Shouyoukh,Retail,Apparel,Soku,Entrance 15
Awjat,Retail,Jewellery & Accessories,Soku,Entrance 15
Blvck Paris,Retail,Apparel,Soku,Entrance 15
Bunka,Retail,Apparel,Soku,Entrance 15
Chilli Beans,Retail,Opticals,Soku,Entrance 15
Choice,Retail,Apparel,Soku,Entrance 15
Errea,Retail,Apparel,Soku,Entrance 15
Herbal Spa for Men,Retail,Spa & Salon,Soku,Entrance 15
Holland & Barrett,Retail,Specialist Shop,Soku,Entrance 15
Paul & Shark,Retail,Apparel,Soku,Entrance 15
Psycho Bunny,Retail,Apparel,Soku,Entrance 15
SWIMS,Retail,Apparel,Soku,Entrance 15
The Avenues Gallery,Retail,Specialist Shop,Soku,Entrance 15
Tommy Hilfiger,Retail,Apparel,Soku,Entrance 15
Tropicfeel,Retail,Shoes & Bags,Soku,Entrance 15
Zahi,Retail,Beauty & Cosmetics,Soku,Entrance 15
Maki,Dining,Restaurants,Soku,Entrance 15
Melenzane,Dining,Restaurants,Soku,Entrance 15
Acqua Dell' Elba,Retail,Beauty & Cosmetics,The Arcades,Entrance 01
Al Jazeera Perfumes,Retail,Beauty & Cosmetics,The Arcades,Entrance 01
Al-Shaya Perfumes,Retail,Beauty & Cosmetics,The Arcades,Entrance 01
Amakin,Retail,Beauty & Cosmetics,The Arcades,Entrance 01
Asateer,Retail,Beauty & Cosmetics,The Arcades,Entrance 01
Atyab Al Marshoud,Retail,Beauty & Cosmetics,The Arcades,Entrance 01
Atyab Al Sheekh,Retail,Beauty & Cosmetics,The Arcades,Entrance 01
Ayaam Perfumes,Retail,Beauty & Cosmetics,The Arcades,Entrance 01
Boadicea the Victorious,Retail,Beauty & Cosmetics,The Arcades,Entrance 01
FN by FN,Retail,Beauty & Cosmetics,The Arcades,Entrance 01
Galerie Parfumerie,Retail,Beauty & Cosmetics,The Arcades,Entrance 01
Gissah,Retail,Beauty & Cosmetics,The Arcades,Entrance 01
Hair Boutique,Retail,Beauty & Cosmetics,The Arcades,Entrance 01
Ibraq,Retail,Beauty & Cosmetics,The Arcades,Entrance 01
Jothen Cosmetics,Retail,Beauty & Cosmetics,The Arcades,Entrance 01
Junaid Perfumes,Retail,Beauty & Cosmetics,The Arcades,Entrance 01
L'Amour De Paris,Retail,Beauty & Cosmetics,The Arcades,Entrance 01
Maison de Parfum,Retail,Beauty & Cosmetics,The Arcades,Entrance 01
Meillure Perfumes,Retail,Beauty & Cosmetics,The Arcades,Entrance 01
My Colors,Retail,Beauty & Cosmetics,The Arcades,Entrance 01
Odecla,Retail,Beauty & Cosmetics,The Arcades,Entrance 01
Organique,Retail,Beauty & Cosmetics,The Arcades,Entrance 01
RICCIO CAPRESE,Retail,Beauty & Cosmetics,The Arcades,Entrance 01
Twaaq Fragrances,Retail,Beauty & Cosmetics,The Arcades,Entrance 01
Yas Perfumes,Retail,Beauty & Cosmetics,The Arcades,Entrance 01
APM Monaco,Retail,Jewellery & Accessories,The Forum,"Entrance 16, 28"
Al Mulla Exchange,Retail,Banks & Financial Services,The Forum,"Entrance 16, 28"
Al Muzaini Exchange,Retail,Banks & Financial Services,The Forum,"Entrance 16, 28"
Altitude,Retail,Apparel,The Forum,"Entrance 16, 28"
Aqua,Retail,Apparel,The Forum,"Entrance 16, 28"
Arnubah & Dabdoob,Retail,Spa & Salon,The Forum,"Entrance 16, 28"
Bally,Retail,Shoes & Bags,The Forum,"Entrance 16, 28"
Boots,Retail,Pharmacy,The Forum,"Entrance 16, 28"
Cabana,Retail,Apparel,The Forum,"Entrance 16, 28"
Cole Haan,Retail,Shoes & Bags,The Forum,"Entrance 16, 28"
Creed,Retail,Beauty & Cosmetics,The Forum,"Entrance 16, 28"
DRM-LND,Retail,Jewellery & Accessories,The Forum,"Entrance 16, 28"
Do-Ra,Retail,Jewellery & Accessories,The Forum,"Entrance 16, 28"
Foot Locker,Retail,Shoes & Bags,The Forum,"Entrance 16, 28"
H&M,Retail,Apparel,The Forum,"Entrance 16, 28"
Hollister,Retail,Apparel,The Forum,"Entrance 16, 28"
Jakh,Retail,Apparel,The Forum,"Entrance 16, 28"
Kiehl's,Retail,Beauty & Cosmetics,The Forum,"Entrance 16, 28"
Kiwi Saint Tropez,Retail,Apparel,The Forum,"Entrance 16, 28"
Lush,Retail,Beauty & Cosmetics,The Forum,"Entrance 16, 28"
Miniso,Retail,Department Stores,The Forum,"Entrance 16, 28"
Neocare Clinic,Retail,Medical Center,The Forum,"Entrance 16, 28"
Neocare Dental,Retail,Medical Center,The Forum,"Entrance 16, 28"
Ooredoo,Retail,Telecommunications,The Forum,"Entrance 16, 28"
Parfums De Marly Paris,Retail,Beauty & Cosmetics,The Forum,"Entrance 16, 28"
Pretty Ballerinas,Retail,Shoes & Bags,The Forum,"Entrance 16, 28"
S3SS,Retail,Apparel,The Forum,"Entrance 16, 28"
SBNY,Retail,Shoes & Bags,The Forum,"Entrance 16, 28"
Sephora,Retail,Beauty & Cosmetics,The Forum,"Entrance 16, 28"
Spark,Retail,Gym,The Forum,"Entrance 16, 28"
Tekzone,Retail,"Arcade, Electronics",The Forum,"Entrance 16, 28"
The Midi,Retail,Gifts & Antiques,The Forum,"Entrance 16, 28"
Time Keeper,Retail,Jewellery & Accessories,The Forum,"Entrance 16, 28"
Zain,Retail,Telecommunications,The Forum,"Entrance 16, 28"
% Arabica,Dining,Café & Sweets,The Forum,"Entrance 16, 28"
Abuelo,Dining,Restaurants,The Forum,"Entrance 16, 28"
Alison Nelson'S Chocolate Bar,Dining,"Café & Sweets, Chocolate & Confectionery",The Forum,"Entrance 16, 28"
Aspro,Dining,Café & Sweets,The Forum,"Entrance 16, 28"
Basic,Dining,Restaurants,The Forum,"Entrance 16, 28"
Beastro,Dining,Restaurants,The Forum,"Entrance 16, 28"
Chops,Dining,Restaurants,The Forum,"Entrance 16, 28"
Diet Care,Dining,Restaurants,The Forum,"Entrance 16, 28"
Fuji Curry,Dining,Restaurants,The Forum,"Entrance 16, 28"
House of Lavan,Dining,Restaurants,The Forum,"Entrance 16, 28"
Kumar,Dining,Restaurants,The Forum,"Entrance 16, 28"
Kumori,Dining,Restaurants,The Forum,"Entrance 16, 28"
L'Eto Café,Dining,Café & Sweets,The Forum,"Entrance 16, 28"
Ladurée,Dining,Café & Sweets,The Forum,"Entrance 16, 28"
MANA,Dining,Restaurants,The Forum,"Entrance 16, 28"
Matchbox,Dining,Restaurants,The Forum,"Entrance 16, 28"
Ora,Dining,Restaurants,The Forum,"Entrance 16, 28"
Over Jar,Dining,Café & Sweets,The Forum,"Entrance 16, 28"
Queen's,Dining,Restaurants,The Forum,"Entrance 16, 28"
Said Dal 1923,Dining,Café & Sweets,The Forum,"Entrance 16, 28"
San Ristorante,Dining,Restaurants,The Forum,"Entrance 16, 28"
Solia Restaurant,Dining,Restaurants,The Forum,"Entrance 16, 28"
Starbucks Reserve,Dining,Café & Sweets,The Forum,"Entrance 16, 28"
Sweet Factory,Dining,Café & Sweets,The Forum,"Entrance 16, 28"
T La Felice,Dining,Café & Sweets,The Forum,"Entrance 16, 28"
TOBY'S Estate Coffee Roasters,Dining,Café & Sweets,The Forum,"Entrance 16, 28"
Trapani,Dining,Restaurants,The Forum,"Entrance 16, 28"
lavazza,Dining,Café & Sweets,The Forum,"Entrance 16, 28"
7 Jeans For All Mankind,Retail,Apparel,The Mall,"Entrance 12, 14"
A LU DEL (House of Perfume),Retail,Beauty & Cosmetics,The Mall,"Entrance 12, 14"
ACO,Retail,"Apparel, Shoes & Bags",The Mall,"Entrance 12, 14"
Abdul Rashid,Retail,Beauty & Cosmetics,The Mall,"Entrance 12, 14"
Al Awadhi,Retail,Jewellery & Accessories,The Mall,"Entrance 12, 14"
Al Sirhan,Retail,Shoes & Bags,The Mall,"Entrance 12, 14"
AlMajed Oud,Retail,Beauty & Cosmetics,The Mall,"Entrance 12, 14"
Altenburg,Retail,Shoes & Bags,The Mall,"Entrance 12, 14"
Alviero Martini 1A Classe,Retail,"Apparel, Shoes & Bags",The Mall,"Entrance 12, 14"
Alvira,Retail,Jewellery & Accessories,The Mall,"Entrance 12, 14"
American Eagle,Retail,Apparel,The Mall,"Entrance 12, 14"
Aquaria,Retail,Apparel,The Mall,"Entrance 12, 14"
Asteri,Retail,Beauty & Cosmetics,The Mall,"Entrance 12, 14"
Ateej,Retail,Beauty & Cosmetics,The Mall,"Entrance 12, 14"
Atelier Rebul,Retail,Beauty & Cosmetics,The Mall,"Entrance 12, 14"
Atyab Al Sheekh,Retail,Beauty & Cosmetics,The Mall,"Entrance 12, 14"
Atyaf Perfume,Retail,Beauty & Cosmetics,The Mall,"Entrance 12, 14"
August Park,Retail,Jewellery & Accessories,The Mall,"Entrance 12, 14"
BAIN DE MER ST TROPEZ,Retail,Apparel,The Mall,"Entrance 12, 14"
Bang & Olufsen,Retail,Electronics,The Mall,"Entrance 12, 14"
Bath & Body Works,Retail,Beauty & Cosmetics,The Mall,"Entrance 12, 14"
Bimba & Lola,Retail,Apparel,The Mall,"Entrance 12, 14"
Blue Diamond,Retail,Jewellery & Accessories,The Mall,"Entrance 12, 14"
Bodice,Retail,Apparel,The Mall,"Entrance 12, 14"
Boots Pharmacy,Retail,Pharmacy,The Mall,"Entrance 12, 14"
By Reya,Retail,Apparel,The Mall,"Entrance 12, 14"
Calvin Klein Jeans,Retail,Apparel,The Mall,"Entrance 12, 14"
Caretti,Retail,Shoes & Bags,The Mall,"Entrance 12, 14"
Catchy,Retail,Jewellery & Accessories,The Mall,"Entrance 12, 14"
Centrepoint,Retail,Department Stores,The Mall,"Entrance 12, 14"
Charles & Keith,Retail,Shoes & Bags,The Mall,"Entrance 12, 14"
Chicas Kids,Retail,Apparel,The Mall,"Entrance 12, 14"
Chicas Women,Retail,Apparel,The Mall,"Entrance 12, 14"
Claire's,Retail,Jewellery & Accessories,The Mall,"Entrance 12, 14"
Code 8,Retail,Apparel,The Mall,"Entrance 12, 14"
Cole Haan,Retail,Shoes & Bags,The Mall,"Entrance 12, 14"
Creative Style,Retail,Apparel,The Mall,"Entrance 12, 14"
Crocs,Retail,Shoes & Bags,The Mall,"Entrance 12, 14"
Culti Milano,Retail,Beauty & Cosmetics,The Mall,"Entrance 12, 14"
Czar,Retail,Beauty & Cosmetics,The Mall,"Entrance 12, 14"
DDRAPED,Retail,Apparel,The Mall,"Entrance 12, 14"
Dar Al Sabaek,Retail,Jewellery & Accessories,The Mall,"Entrance 12, 14"
Dar Al Teeb,Retail,Beauty & Cosmetics,The Mall,"Entrance 12, 14"
Darusha,Retail,Apparel,The Mall,"Entrance 12, 14"
Dkhoon AlEmaratia,Retail,Beauty & Cosmetics,The Mall,"Entrance 12, 14"
Dune,Retail,Jewellery & Accessories,The Mall,"Entrance 12, 14"
Eter,Retail,Beauty & Cosmetics,The Mall,"Entrance 12, 14"
Eye Boutique,Retail,Opticals,The Mall,"Entrance 12, 14"
FT MODA,Retail,Apparel,The Mall,"Entrance 12, 14"
Faces,Retail,Beauty & Cosmetics,The Mall,"Entrance 12, 14"
Far Designs,Retail,Gifts & Antiques,The Mall,"Entrance 12, 14"
Flormar,Retail,Beauty & Cosmetics,The Mall,"Entrance 12, 14"
Gelco,Retail,Apparel,The Mall,"Entrance 12, 14"
Gerry Weber,Retail,Apparel,The Mall,"Entrance 12, 14"
Gizele,Retail,Specialist Shop,The Mall,"Entrance 12, 14"
Home Centre,Retail,Home & Furniture,The Mall,"Entrance 12, 14"
Hunkemoller,Retail,Apparel,The Mall,"Entrance 12, 14"
Ipekyol,Retail,Apparel,The Mall,"Entrance 12, 14"
JF Scarves,Retail,Apparel,The Mall,"Entrance 12, 14"
Jakh,Retail,Apparel,The Mall,"Entrance 12, 14"
Kevingston,Retail,Apparel,The Mall,"Entrance 12, 14"
Kuwait Air Ways,Retail,Travel & Tourism,The Mall,"Entrance 12, 14"
Kybun,Retail,Shoes & Bags,The Mall,"Entrance 12, 14"
La Senza,Retail,Apparel,The Mall,"Entrance 12, 14"
La Vie En Rose,Retail,Apparel,The Mall,"Entrance 12, 14"
Lamsheen,Retail,Apparel,The Mall,"Entrance 12, 14"
Lialy Line,Retail,Apparel,The Mall,"Entrance 12, 14"
List Roma,Retail,Apparel,The Mall,"Entrance 12, 14"
Lush,Retail,Beauty & Cosmetics,The Mall,"Entrance 12, 14"
Maalem Perfumes,Retail,Beauty & Cosmetics,The Mall,"Entrance 12, 14"
Manal Smaoui,Retail,Apparel,The Mall,"Entrance 12, 14"
Marie France,Retail,Apparel,The Mall,"Entrance 12, 14"
Milano,Retail,"Apparel, Shoes & Bags",The Mall,"Entrance 12, 14"
Mubkhar,Retail,Beauty & Cosmetics,The Mall,"Entrance 12, 14"
Much More,Retail,Apparel,The Mall,"Entrance 12, 14"
Nass Boutique,Retail,Apparel,The Mall,"Entrance 12, 14"
Next Kids,Retail,Apparel,The Mall,"Entrance 12, 14"
Noble,Retail,Apparel,The Mall,"Entrance 12, 14"
Noma,Retail,Apparel,The Mall,"Entrance 12, 14"
damas,Retail,Jewellery & Accessories,The Mall,"Entrance 12, 14"
Bens Cookies,Dining,Chocolate & Confectionery,The Mall,"Entrance 12, 14"
Chocoville,Dining,Café & Sweets,The Mall,"Entrance 12, 14"
Damlooj Lounge,Dining,Café & Sweets,The Mall,"Entrance 12, 14"
Frost Gelato,Dining,Café & Sweets,The Mall,"Entrance 12, 14"
Joy Café,Dining,Café & Sweets,The Mall,"Entrance 12, 14"
Joy Tea,Dining,Café & Sweets,The Mall,"Entrance 12, 14"
Matbakhi,Dining,Restaurants,The Mall,"Entrance 12, 14"
Premier’s,Dining,Chocolate & Confectionery,The Mall,"Entrance 12, 14"
Raising Canes,Dining,Fast Food,The Mall,"Entrance 12, 14"
Simit Sarayi,Dining,Restaurants,The Mall,"Entrance 12, 14"
ABREEZ,Retail,Apparel,The Souk,Entrance 12
AL Saqrain Center,Retail,Gifts & Antiques,The Souk,Entrance 12
ALKhulooj Golden,Retail,Apparel,The Souk,Entrance 12
Abayat Algattan,Retail,Apparel,The Souk,Entrance 12
Abayti Bril,Retail,Apparel,The Souk,Entrance 12
Abdul Samad Al Qurashi,Retail,Beauty & Cosmetics,The Souk,Entrance 12
Ada Treasures,Retail,Apparel,The Souk,Entrance 12
Afghan,Retail,Beauty & Cosmetics,The Souk,Entrance 12
Al Dor Al Manthor,Retail,Beauty & Cosmetics,The Souk,Entrance 12
Al Dughaishem,Retail,Apparel,The Souk,Entrance 12
Al Haramain Perfumes,Retail,Beauty & Cosmetics,The Souk,Entrance 12
Al Helwa,Retail,Apparel,The Souk,Entrance 12
Al Jazeera Express,Retail,Apparel,The Souk,Entrance 12
Al Maqtaa,Retail,Apparel,The Souk,Entrance 12
Al Rasasi Perfumes,Retail,Beauty & Cosmetics,The Souk,Entrance 12
Al Sharqiaa,Retail,Apparel,The Souk,Entrance 12
Al kandora,Retail,Apparel,The Souk,Entrance 12
Al-Saeed,Retail,Apparel,The Souk,Entrance 12
Al-Shaya Perfumes,Retail,Beauty & Cosmetics,The Souk,Entrance 12
Al-abaya Alislamiya,Retail,Apparel,The Souk,Entrance 12
Albdulmuhsin Perfumes,Retail,Beauty & Cosmetics,The Souk,Entrance 12
Alhamra Perfumes,Retail,Beauty & Cosmetics,The Souk,Entrance 12
Alia Touch,Retail,Beauty & Cosmetics,The Souk,Entrance 12
Almohra Style,Retail,Apparel,The Souk,Entrance 12
Amal Al Kuwait,Retail,Beauty & Cosmetics,The Souk,Entrance 12
Amal Al Kuwait,Retail,Beauty & Cosmetics,The Souk,Entrance 12
Amber Oud,Retail,Beauty & Cosmetics,The Souk,Entrance 12
Ambrose,Retail,Apparel,The Souk,Entrance 12
Arabian Oud,Retail,Beauty & Cosmetics,The Souk,Entrance 12
Atyab Al Saeed,Retail,Beauty & Cosmetics,The Souk,Entrance 12
Atyab AlMarshoud,Retail,Beauty & Cosmetics,The Souk,Entrance 12
Azhar Alsaboun,Retail,Beauty & Cosmetics,The Souk,Entrance 12
Bagalat Dukan Al Fareej,Retail,Supermarket & Grocery,The Souk,Entrance 12
Bait Hanayen,Retail,Apparel,The Souk,Entrance 12
Balqees Line,Retail,Apparel,The Souk,Entrance 12
Bank Al-Kahraman,Retail,Gifts & Antiques,The Souk,Entrance 12
Banootha,Retail,Jewellery & Accessories,The Souk,Entrance 12
Basma,Retail,Apparel,The Souk,Entrance 12
Bayt Al Saboun Al Loubnani,Retail,Beauty & Cosmetics,The Souk,Entrance 12
Be Organic,Retail,Specialist Shop,The Souk,Entrance 12
Bec,Retail,Banks & Financial Services,The Souk,Entrance 12
Bedoon Essm,Retail,Apparel,The Souk,Entrance 12
Black White,Retail,Apparel,The Souk,Entrance 12
Chic,Retail,Apparel,The Souk,Entrance 12
Chmagh Al Jazzera,Retail,Apparel,The Souk,Entrance 12
Crystal Touch,Retail,Jewellery & Accessories,The Souk,Entrance 12
D&P Perfumum,Retail,Beauty & Cosmetics,The Souk,Entrance 12
Dar Dalia,Retail,Apparel,The Souk,Entrance 12
Dar Nouryah,Retail,Apparel,The Souk,Entrance 12
Daraat Sara,Retail,Apparel,The Souk,Entrance 12
Diva Abaya,Retail,Apparel,The Souk,Entrance 12
Dukhan Al-Turath,Retail,Gifts & Antiques,The Souk,Entrance 12
Elngm El Malky,Retail,Apparel,The Souk,Entrance 12
Etarat Al Hekma,Retail,Beauty & Cosmetics,The Souk,Entrance 12
Fabrics Center,Retail,Apparel,The Souk,Entrance 12
Fils,Retail,Gifts & Antiques,The Souk,Entrance 12
Foot Herbal Spa,Retail,Spa & Salon,The Souk,Entrance 12
Francesco Ferri,Retail,Apparel,The Souk,Entrance 12
Glory,Retail,Beauty & Cosmetics,The Souk,Entrance 12
Gulf Amateurs,Retail,Gifts & Antiques,The Souk,Entrance 12
Hammam Sharki,Retail,Beauty & Cosmetics,The Souk,Entrance 12
Hena,Retail,Beauty & Cosmetics,The Souk,Entrance 12
Jouri,Retail,Apparel,The Souk,Entrance 12
Jumeirah Oud,Retail,Beauty & Cosmetics,The Souk,Entrance 12
Just Lady,Retail,Apparel,The Souk,Entrance 12
Kahrahman Palace,Retail,Jewellery & Accessories,The Souk,Entrance 12
Kakouli,Retail,Apparel,The Souk,Entrance 12
Kashkha,Retail,Apparel,The Souk,Entrance 12
Kayan,Retail,Apparel,The Souk,Entrance 12
Kayat Agal (Egal& Gafia),Retail,Apparel,The Souk,Entrance 12
Khinnah Perfume,Retail,Beauty & Cosmetics,The Souk,Entrance 12
Khunji,Retail,Apparel,The Souk,Entrance 12
Kondura,Retail,Apparel,The Souk,Entrance 12
Lamsat Harayer,Retail,Apparel,The Souk,Entrance 12
Lamsat Harayer,Retail,Apparel,The Souk,Entrance 12
Lean,Retail,Apparel,The Souk,Entrance 12
Maali Alhmaidi Boutique,Retail,Apparel,The Souk,Entrance 12
Masa,Retail,Jewellery & Accessories,The Souk,Entrance 12
Masque,Retail,Apparel,The Souk,Entrance 12
bait Al Nokhada,Retail,Apparel,The Souk,Entrance 12
3azaiim,Dining,Restaurants,The Souk,Entrance 12
3azaiim,Dining,Restaurants,The Souk,Entrance 12
Agnii,Dining,Restaurants,The Souk,Entrance 12
Akelna Mahyouf,Dining,Restaurants,The Souk,Entrance 12
Al Dhahia Juice,Dining,Café & Sweets,The Souk,Entrance 12
Al Shamali,Dining,Chocolate & Confectionery,The Souk,Entrance 12
Al Sout Café,Dining,Café & Sweets,The Souk,Entrance 12
Al Watan Sweets,Dining,Chocolate & Confectionery,The Souk,Entrance 12
AlDama,Dining,Café & Sweets,The Souk,Entrance 12
Alsiteenat,Dining,Restaurants,The Souk,Entrance 12
Amiti Noura,Dining,Restaurants,The Souk,Entrance 12
Bait Jafra Restaurant,Dining,Restaurants,The Souk,Entrance 12
Baraka,Dining,Chocolate & Confectionery,The Souk,Entrance 12
Bon Alameed,Dining,Roastery,The Souk,Entrance 12
Botamba Potatos,Dining,Fast Food,The Souk,Entrance 12
Byalah Café,Dining,Café & Sweets,The Souk,Entrance 12
Byalah Café,Dining,Café & Sweets,The Souk,Entrance 12
Café Bazza,Dining,Restaurants,The Souk,Entrance 12
Chiquita Fruit Bar,Dining,Café & Sweets,The Souk,Entrance 12
Copper Chimney,Dining,Restaurants,The Souk,Entrance 12
Corn Dogs,Dining,Fast Food,The Souk,Entrance 12
Emergan Sutis,Dining,Restaurants,The Souk,Entrance 12
Fresh Monesh,Dining,Café & Sweets,The Souk,Entrance 12
Haleeb o Heil,Dining,Café & Sweets,The Souk,Entrance 12
Halwayat Oman,Dining,Café & Sweets,The Souk,Entrance 12
Healthy Snack Co.,Dining,Restaurants,The Souk,Entrance 12
Healthy Snack Gluten Free,Dining,Café & Sweets,The Souk,Entrance 12
International Mill,Dining,Roastery,The Souk,Entrance 12
Karak Station,Dining,Restaurants,The Souk,Entrance 12
Kashounat Al-Bait,Dining,Restaurants,The Souk,Entrance 12
Kateh,Dining,Restaurants,The Souk,Entrance 12
Khaneen,Dining,Restaurants,The Souk,Entrance 12
Khobz Eddar,Dining,Café & Sweets,The Souk,Entrance 12
Konafa habiba,Dining,Café & Sweets,The Souk,Entrance 12
Leila Restaurant,Dining,Restaurants,The Souk,Entrance 12
Nagwa,Dining,Chocolate & Confectionery,The Souk,Entrance 12
Nuts & More,Dining,Roastery,The Souk,Entrance 12
Om Kalthum Kawkab Al Sharq,Dining,Café & Sweets,The Souk,Entrance 12
Sarouja Twenty,Dining,Café & Sweets,The Souk,Entrance 12
Swaikhat Avenues,Dining,Restaurants,The Souk,Entrance 12
Tawalail Koshary,Dining,Fast Food,The Souk,Entrance 12
Teka Kalel,Dining,Restaurants,The Souk,Entrance 12
Tmreya,Dining,Café & Sweets,The Souk,Entrance 12
Villa Babak,Dining,Restaurants,The Souk,Entrance 12
Yousef‘s Kurtos,Dining,Café & Sweets,The Souk,Entrance 12
Zaki,Dining,Restaurants,The Souk,Entrance 12
Zwarah,Dining,Restaurants,The Souk,Entrance 12
